,期数,红球_1,红球_2,红球_3,红球_4,红球_5,红球_6,蓝球
0,001,25,18,6,14,29,39,22
1,002,13,4,10,6,5,28,37
2,003,28,1,16,47,18,42,33
3,004,45,16,17,7,37,28,33
4,005,35,21,10,3,32,40,8
5,006,3,13,12,28,1,18,4
6,007,32,12,48,45,39,7,15
7,008,13,24,48,23,32,20,46
8,009,23,17,43,1,10,13,30
9,010,37,18,17,47,21,23,25
10,011,7,45,3,30,1,10,6
11,012,24,32,10,15,37,4,39
12,013,42,43,36,11,25,47,7
13,014,48,20,30,39,41,6,27
14,015,13,37,2,3,43,12,36
15,016,40,22,27,42,43,39,21
16,017,42,29,20,49,22,6,38
17,018,12,1,24,33,21,44,10
18,019,3,23,49,13,39,26,6
19,020,44,4,47,1,49,14,34
20,021,39,19,24,31,32,30,14
21,022,27,23,26,14,16,18,4
22,023,15,43,6,30,16,9,45
23,024,3,45,18,40,28,2,41
24,025,17,42,28,44,5,20,30
25,026,36,25,7,2,34,9,37
26,027,2,6,28,32,45,16,25
27,028,34,14,29,33,5,28,40
28,029,14,46,3,35,43,10,13
29,030,27,39,23,45,44,46,25
30,031,30,23,8,24,33,25,22
31,032,22,15,13,2,17,33,39
32,033,41,22,19,40,46,39,48
33,034,1,4,21,40,16,49,23
34,035,27,35,32,37,6,18,21
35,036,38,7,19,47,10,40,29
36,037,35,32,46,8,37,16,25
37,038,11,1,47,39,12,3,20
38,039,41,48,10,17,34,43,40
39,040,1,32,35,30,8,16,20
40,041,48,35,22,30,26,4,28
41,042,44,13,39,22,46,47,42
42,043,4,27,38,40,19,35,37
43,044,24,28,46,34,14,43,7
44,045,40,28,3,48,31,8,30
45,046,41,1,24,34,33,30,12
46,047,14,22,13,31,20,16,12
47,048,7,35,23,33,46,27,18
48,049,49,5,1,17,31,6,43
49,050,29,21,46,48,15,45,5
50,051,27,22,31,7,13,18,49
51,052,7,6,17,13,34,31,10
52,053,33,48,5,19,13,17,11
53,054,23,28,30,35,19,27,25
54,055,47,36,40,43,11,37,44
55,056,41,8,33,30,43,7,42
56,057,10,11,13,1,40,22,20
57,058,22,23,33,34,49,19,31
58,059,40,16,17,26,36,4,24
59,060,10,8,17,13,47,44,11
60,061,42,28,39,6,23,35,10
61,062,27,37,10,26,2,48,35
62,063,42,5,38,3,49,21,23
63,064,48,40,3,33,47,4,31
64,065,30,41,38,25,35,16,48
65,066,49,45,27,22,13,26,12
66,067,15,35,39,48,45,11,44
67,068,42,33,47,40,30,2,44
68,069,44,30,5,40,6,15,29
69,070,16,35,46,25,19,18,43
70,071,32,9,44,36,23,40,49
71,072,35,37,48,33,14,22,40
72,073,43,22,48,23,33,10,3
73,074,22,21,1,47,29,11,35
74,075,30,5,10,37,32,7,9
75,076,28,2,14,10,16,23,39
76,077,5,23,27,17,11,39,22
77,078,15,38,18,3,8,11,28
78,079,4,20,9,32,29,44,10
79,080,27,38,29,2,44,31,24
80,081,48,8,40,9,18,27,38
81,082,10,35,4,45,24,9,34
82,083,45,4,6,47,46,11,28
83,084,17,45,24,23,38,40,20
84,085,32,31,18,14,8,19,35
85,086,19,29,31,2,42,26,30
86,087,30,16,14,28,29,3,15
87,088,14,11,39,10,45,33,15
88,089,45,19,13,25,15,27,14
89,090,17,7,23,38,12,18,35
90,091,35,23,32,31,8,24,40
91,092,23,24,36,3,4,32,39
92,093,16,23,28,21,27,46,10
93,094,35,43,31,37,15,39,33
94,095,4,43,37,40,24,16,20
95,096,42,46,25,5,40,22,34
96,097,1,32,24,23,4,2,31
97,098,30,39,31,8,21,20,3
98,099,1,34,43,38,6,22,20
99,100,25,3,34,8,31,41,42
100,101,20,49,36,37,42,30,1
101,102,24,40,7,30,47,9,38
102,103,16,28,3,30,42,49,32
103,104,9,20,33,11,32,21,6
104,105,12,28,48,37,18,43,26
105,106,45,20,11,23,34,42,18
106,107,8,9,15,24,18,42,46
107,108,40,20,39,49,8,1,27
108,109,47,16,8,41,6,19,3
109,110,15,20,14,46,31,30,47
110,111,2,17,13,41,28,36,45
111,112,15,43,38,24,18,4,45
112,113,2,26,43,38,3,9,46
113,114,6,41,5,46,15,9,38
114,115,14,7,9,22,10,4,3
115,116,19,43,35,40,10,48,23
116,117,33,46,40,6,22,45,47
117,118,19,15,6,39,46,35,36
118,119,21,37,10,45,19,30,38
119,120,18,25,5,35,31,43,28
120,121,25,7,31,34,23,39,24
121,122,7,46,3,2,47,22,33
122,123,37,30,49,16,9,12,45
123,124,18,41,9,14,7,39,10
124,125,18,25,19,28,1,8,49
125,126,5,13,10,28,3,31,2
126,127,45,35,8,20,4,22,49
127,128,4,43,18,45,38,26,13
128,129,34,45,20,42,19,25,40
129,130,20,30,10,33,28,8,23
130,131,13,44,4,20,36,30,47
131,132,24,46,26,42,15,35,2
132,133,45,3,16,1,21,38,10
133,134,38,27,4,23,6,34,14
134,135,32,44,25,3,34,33,37
135,136,31,23,25,33,2,21,9
136,137,39,35,46,25,48,45,36
137,138,20,27,39,47,29,3,41
138,139,38,27,47,30,45,9,14
139,140,22,45,2,41,39,31,11
140,141,30,22,31,34,39,3,13
141,142,17,30,8,29,23,33,44
142,143,27,19,17,2,24,15,10
143,144,36,31,19,1,34,29,25
144,145,30,25,29,28,10,49,17
145,146,24,41,25,3,11,47,14
146,147,47,14,38,26,19,35,32
147,148,48,26,5,31,44,9,2
148,149,44,43,25,3,29,19,41
149,150,24,43,18,31,45,12,40
150,151,29,49,26,25,35,39,38
151,152,9,34,17,29,35,12,10
152,153,42,11,25,8,45,9,43
153,154,37,18,45,25,47,42,26
154,155,6,34,33,12,37,20,45
155,156,15,13,38,17,28,32,18
156,157,37,5,16,12,17,3,23
157,158,15,48,4,17,42,21,5
158,159,45,34,35,22,24,8,31
159,160,23,42,32,46,30,40,11
160,161,49,41,44,29,38,18,16
161,162,38,2,22,48,15,12,1
162,163,38,18,43,29,10,32,23
163,164,46,38,14,39,26,8,13
164,165,23,37,17,8,42,49,47
165,166,30,38,18,14,42,16,41
166,167,11,27,30,6,36,3,9
167,168,31,7,40,15,9,25,16
168,169,11,2,32,38,29,31,7
169,170,22,20,36,44,31,19,33
170,171,15,4,23,36,27,7,47
171,172,3,15,4,39,2,28,36
172,173,46,32,30,5,42,4,38
173,174,11,36,22,24,20,12,39
174,175,37,3,32,12,8,29,30
175,176,12,5,24,28,22,17,36
176,177,31,30,11,49,22,41,4
177,178,42,30,37,20,6,7,27
178,179,42,8,5,30,29,25,24
179,180,14,37,28,43,1,41,29
180,181,10,21,40,37,2,39,23
181,182,1,49,21,39,6,34,42
182,183,12,39,38,7,28,45,33
183,184,8,32,20,30,18,35,28
184,185,22,40,29,45,11,1,5
185,186,13,40,22,20,17,9,8
186,187,7,31,18,14,26,4,45
187,188,3,7,13,49,32,35,15
188,189,11,36,3,39,48,41,17
189,190,8,24,3,36,49,25,18
190,191,33,41,40,24,37,18,29
191,192,19,31,10,46,20,3,45
192,193,17,16,4,14,6,42,24
193,194,11,30,46,43,3,7,29
194,195,22,12,42,8,6,27,25
195,196,31,33,27,21,9,12,14
196,197,15,25,10,43,12,24,34
197,198,33,3,7,45,39,15,43
198,199,37,32,5,21,13,11,10
199,200,22,21,42,41,11,15,47
200,201,5,30,1,37,25,46,47
201,202,17,33,9,48,44,5,20
202,203,27,23,39,10,12,44,18
203,204,7,47,15,41,18,36,30
204,205,23,4,12,6,37,30,1
205,206,35,11,27,19,28,20,10
206,207,9,27,6,1,49,45,24
207,208,31,17,48,24,32,29,9
208,209,31,8,32,26,48,2,13
209,210,35,40,47,11,24,14,15
210,211,39,1,14,27,24,12,2
211,212,5,12,25,35,36,20,18
212,213,3,31,34,38,47,24,11
213,214,22,48,38,28,1,19,15
214,215,33,11,19,15,36,13,21
215,216,48,7,20,12,17,46,23
216,217,18,3,39,37,8,11,46
217,218,22,32,36,34,26,38,23
218,219,4,25,23,46,16,41,9
219,220,35,28,14,11,10,43,8
220,221,46,27,15,23,25,12,8
221,222,46,40,21,13,1,5,43
222,223,46,41,44,7,34,24,25
223,224,19,9,37,7,49,13,16
224,225,45,24,13,44,9,47,32
225,226,13,27,26,2,6,43,31
226,227,7,11,27,19,28,43,40
227,228,45,20,40,46,26,16,15
228,229,41,36,48,42,28,6,2
229,230,15,10,1,46,48,8,39
230,231,16,23,5,8,35,31,38
231,232,49,40,19,44,18,23,42
232,233,43,29,27,18,45,6,37
233,234,14,18,43,23,11,16,13
234,235,45,43,12,36,49,2,42
235,236,46,18,45,42,49,9,39
236,237,49,25,10,3,37,17,2
237,238,10,43,34,15,9,48,46
238,239,12,13,1,5,29,48,4
239,240,4,42,25,24,22,9,28
240,241,22,38,11,29,43,9,1
241,242,46,33,26,9,5,7,34
242,243,15,47,23,16,27,42,8
243,244,4,16,25,7,22,12,24
244,245,34,37,19,29,14,38,44
245,246,14,18,16,26,1,23,6
246,247,38,10,1,44,15,3,25
247,248,27,42,24,34,20,39,12
248,249,37,19,48,9,4,1,2
249,250,47,3,34,11,33,35,12
250,251,6,18,12,36,5,15,35
251,252,1,43,49,10,35,40,23
252,253,6,39,19,8,30,37,33
253,254,27,12,29,32,44,19,17
254,255,15,21,20,25,24,39,42
255,256,42,36,11,9,45,5,48
256,257,23,21,4,1,30,11,28
257,258,1,26,35,25,47,17,38
258,259,8,38,30,45,9,42,47
259,260,44,11,40,24,12,28,3
260,261,37,34,9,46,16,30,33
261,262,16,27,28,33,12,38,44
262,263,39,48,3,20,25,43,38
263,264,23,33,6,32,19,47,43
264,265,44,34,48,6,23,1,10
265,266,1,18,13,43,26,40,41
266,267,7,9,5,25,48,40,29
267,268,39,27,1,45,5,31,10
268,269,17,2,33,38,46,21,31
269,270,5,11,31,46,3,10,35
270,271,48,3,44,27,8,9,6
271,272,1,4,29,41,10,21,36
272,273,2,43,19,34,22,49,4
273,274,41,20,19,22,39,40,44
274,275,34,47,25,21,28,5,45
275,276,16,22,34,13,21,25,9
276,277,46,11,41,33,48,37,16
277,278,4,18,33,34,45,39,28
278,279,37,1,26,42,39,30,27
279,280,36,49,44,32,35,28,42
280,281,37,7,10,13,23,36,47
281,282,4,33,25,30,38,12,41
282,283,21,24,35,8,29,18,45
283,284,21,6,12,13,49,38,41
284,285,46,25,37,15,41,28,24
285,286,25,27,24,16,15,42,3
286,287,5,42,49,10,40,36,34
287,288,44,8,17,1,2,47,14
288,289,35,4,23,10,44,24,42
289,290,40,18,25,5,2,17,19
290,291,43,24,6,10,30,25,44
